id_ville,ville
1,Port Rebeccafort
2,Aaronburgh
3,Meganhaven
4,Hudsonchester
5,Brownbury
6,New Brittany
7,Allenshire
8,New Scott
9,Freemantown
10,East Michaelbury
11,Bryanbury
12,Lake Danielmouth
13,South Loribury
14,North Saraborough
15,West Erinberg
16,Adrianborough
17,Port Alicia
18,South Sarahtown
19,Garciafort
20,West Robert
21,East Erinmouth
22,Cooperland
23,North Sarah
24,Jacksonfurt
25,South Debbie
26,Macdonaldchester
27,Port Taylor
28,Samanthaville
29,West Sabrinastad
30,Fergusontown
31,Thomasstad
32,Caitlinhaven
33,Garciashire
34,Landrymouth
35,Lake Paulashire
36,West Jasonburgh
37,East Maryfurt
38,North Brian
39,West Nicholas
40,North Jason
41,South Victor
42,New Meghan
43,Yatesmouth
44,Fullerchester
45,Michaelborough
46,Devinborough
47,Port Johnny
48,Lake Courtney
49,Michaelstad
50,New Vanessa
51,Krystalmouth
52,Matthewmouth
53,East Hayley
54,West Joan
55,East David
56,Taylorhaven
57,East Jason
58,West Terry
59,Andrewtown
60,Lake Sean
61,Yateshaven
62,West Chelsea
63,East Ryan
64,Lake Ericmouth
65,South Jason
66,Stevensonside
67,Bakertown
68,Cruzbury
69,Garciabury
70,Kingmouth
71,Mitchellmouth
72,Hernandezland
73,Bowenville
74,Lake Gregorystad
75,Margarettown
76,Jessicahaven
77,East Timothyfort
78,Gomezfurt
79,New Beckyland
80,Lake Timothyville
81,North Seanmouth
82,Hernandezmouth
83,Seanberg
84,Perrychester
85,Jackview
86,Lake Sandrafort
87,Smithview
88,New Dawn
89,Carsonfurt
90,Melissafurt
91,Hallfort
92,East Bradley
93,Allisonhaven
94,Haasmouth
95,South Beverly
96,Port Vanessa
97,New Jennifershire
98,East Tracy
99,West Jacobstad
100,Hufffurt
101,Michelehaven
102,West Melissaview
103,Carterhaven
104,Walkerborough
105,Leonardtown
106,Leville
107,Byrdport
108,Port Kylechester
109,Vincenttown
110,East Megan
111,West Williamville
112,Staceyberg
113,East Christina
114,Josephview
115,West Michael
116,South William
117,Kellyshire
118,South Jennifermouth
119,Alexandershire
120,West Daniel
121,Moorefurt
122,Gomezshire
123,Samuelburgh
124,West Thomasburgh
125,New Kenneth
126,Georgechester
127,Frederickhaven
128,New Dawntown
129,Jackmouth
130,Port Benjamin
131,North Kim
132,North Darryl
133,Cannonton
134,New Scottshire
135,Hoffmantown
136,West Christopher
137,Jesseborough
138,Port Sarahmouth
139,Jamesberg
140,Johnfort
141,Jenkinsfurt
142,Wilsonport
143,Port Ana
144,Washingtonborough
145,Mullenview
146,Poolebury
147,Lake Jessica
148,Lake Isaiahmouth
149,Coreytown
150,Littlestad
151,Martinhaven
152,South Joshuaport
153,East Richardtown
154,Santiagofurt
155,Joelville
156,New Carlostown
157,Lake Katherineland
158,Port Tonymouth
159,Jonathanhaven
160,Bellberg
161,East William
162,Carolland
163,Kimberlyland
164,Michaelmouth
165,Knoxport
166,Mcguireshire
167,Scottton
168,North Lynnmouth
169,Port Olivia
170,Johnsonchester
171,Lake Michaelstad
172,Melissahaven
173,Coryside
174,Davidview
175,Moyershire
176,East Victoria
177,Armstrongton
178,East Christinamouth
179,New Staceyton
180,Rebeccamouth
181,Pageside
182,Cookborough
183,North Ashleystad
184,Brownview
185,New Tanyatown
186,Campbellfort
187,South Samuel
188,Port Billy
189,Johnmouth
190,Hendersonfurt
191,Hillborough
192,North Nicholasport
193,Javierview
194,Cruzview
195,North John
196,West Marybury
197,West Danielborough
198,Gatesbury
199,New Howardbury
200,Stephaniefurt
201,Andrewland
202,Evanborough
203,North Margaret
204,South Kristinmouth
205,Jeffreyview
206,East Deannachester
207,Lake Taylorbury
208,Lake Heather
209,Travisberg
210,Clarkshire
211,Bergerborough
212,Port Annaview
213,New Jenniferport
214,Burgessside
215,West Richard
216,West Brendabury
217,Connieport
218,New Dalton
219,South Stacy
220,New Gary
221,North Laura
222,Lake David
223,Birdburgh
224,East Karenfurt
225,Davidborough
226,Port Paula
227,New Daniel
228,Port Josefort
229,Johnstonside
230,Deborahfort
231,Christyville
232,North Philip
233,North Catherineberg
234,East Christopherstad
235,Port Christina
236,Laurahaven
237,Joelport
238,Donaldsonburgh
239,East Connie
240,Katherineshire
241,West Robertfurt
242,South Blakeview
243,Philipfort
244,Adrianaborough
245,South Markmouth
246,New Jacquelinemouth
247,Deleonshire
248,Lake Laurastad
249,South Katherine
250,North Anthony
251,East Shelialand
252,North Anthonymouth
253,Samuelchester
254,Davidfort
255,Kristenfurt
256,Tranberg
257,South Jennifer
258,Port William
259,Christopherhaven
260,Hatfieldton
261,Ambermouth
262,Hartmouth
263,Christinahaven
264,Victorside
265,South Christopher
266,New Andrewside
267,Andreamouth
268,Petershire
269,Stephanieville
270,West Jacquelinebury
271,Vargasstad
272,East Cathy
273,Courtneyborough
274,Huntertown
275,Wallstad
276,Rodriguezton
277,Jenniferbury
278,Rodriguezside
279,Schmittfurt
280,North Sherri
281,Keithfort
282,West Tyler
283,Brandonstad
284,Jameston
285,Owenschester
286,Lake Morganside
287,Lake Edward
288,Turnerfort
289,North Davidbury
290,North Kelly
291,Sosamouth
292,New Margaretton
293,Daniellefurt
294,Port Amymouth
295,New Nicoleshire
296,East Thomasmouth
297,New Tina
298,Cohenshire
299,East Patricia
300,Jeffreyton
301,Jameschester
302,West Mandyport
303,Brooksview
304,South Collin
305,East Bruce
306,Justinton
307,Lake Cody
308,Victorville
309,Port Tylerland
310,Port Kevin
311,Ashleyport
312,North Wendyview
313,Stevenberg
314,North Lorihaven
315,Westfurt
316,Port John
317,New James
318,East Julie
319,Hollandchester
320,Davisfurt
321,New John
322,Phillipsberg
323,New Toddland
324,Myerstown
325,Lake Brittneyhaven
326,North Charlesville
327,Jonathanfort
328,West Brittanyburgh
329,New Christineborough
330,Leeborough
331,New Valeriemouth
332,Port Arielberg
333,Rodriguezview
334,East Markborough
335,Rowlandside
336,Jasonhaven
337,East Ericmouth
338,Herreraton
339,Geraldview
340,Bryanland
341,Wigginsfort
342,South Johnland
343,Hubbardburgh
344,Carrilloton
345,East Taylorton
346,East Benjaminshire
347,Sandrastad
348,Smithshire
349,Christopherside
350,Port Lisahaven
351,East Robin
352,Marksland
353,Port Mariaview
354,Codyberg
355,Millertown
356,Smithchester
357,Port Karenbury
358,Port Frederick
359,South Wesleyhaven
360,Olsenport
361,South Tanyashire
362,Melissachester
363,Harrishaven
364,Brandonmouth
365,West Megan
366,Port Monicatown
367,Watsonview
368,Sharonbury
369,Danielport
370,Natalieton
371,Susanmouth
372,North Alexander
373,Vickiechester
374,Benjaminside
375,Simmonshaven
376,Kevinfort
377,Penningtonchester
378,Hodgemouth
379,East Lisatown
380,Port Sharon
381,Freemanville
382,West Jerryland
383,Jeffreyberg
384,North Michelle
385,Murrayhaven
386,Gatesmouth
387,Ianton
388,Hooperchester
389,New Kaitlyn
390,Navarroville
391,Port Victor
392,Patriciaburgh
393,Roberttown
394,Jimenezchester
395,Kennethburgh
396,Ericport
397,Port Amyside
398,Lake Karenton
399,Nicolechester
400,Valenciafurt
401,Emmaland
402,Erinmouth
403,Port Tyler
404,Port Nicholasborough
405,Vincenthaven
406,Smithton
407,Williamsbury
408,Billview
409,Franciston
410,Bentleyshire
411,Krystalside
412,Robertmouth
413,South Amber
414,North Gloria
415,New Harry
416,Josephchester
417,Justinmouth
418,Carterton
419,Perezmouth
420,Maryhaven
421,South Natalie
422,New Amandafurt
423,Lake Tinashire
424,Luisland
425,West Garrett
426,Dustinberg
427,Lake Sarah
428,Justintown
429,Marystad
430,New Kara
431,Kochmouth
432,Tamaraberg
433,Port Jason
434,Brittanychester
435,East Allen
436,South Karenville
437,New Victoria
438,Port Edward
439,New Judithhaven
440,New Lynnshire
441,Heatherfurt
442,Woodport
443,Bonillachester
444,North Lee
445,New Teresa
446,Romanside
447,New Kaitlynburgh
448,North Larryton
449,New Angelafort
450,South Charles
451,Jasontown
452,South Adrienne
453,Brayton
454,Brianstad
455,Walkerport
456,Barrymouth
457,West Laura
458,North Laurenbury
459,West Amberborough
460,North Connorview
461,West Robertfort
462,Melissaberg
463,North Jaredview
464,Pearsonmouth
465,Port Jordanborough
466,Lake Ericberg
467,Byrdberg
468,Kristinashire
469,East Kennethfort
470,Sarahbury
471,New Christopher
472,Susanberg
473,North Brandon
474,North Alexis
475,Hooverview
476,New Marymouth
477,New Luis
478,North Mauricebury
479,Susanview
480,East Kimberlyshire
481,Davidchester
482,Jonesville
483,West Karenborough
484,Blackwellchester
485,West Kevin
486,Cummingsside
487,Derekland
488,Michellestad
489,Sarahhaven
490,West Danielshire
491,North Mark
492,West Jenniferton
493,Knightshire
494,Evelynmouth
495,Katrinaside
496,New Laura
497,Jonesfurt
498,Bryanchester
499,South Thomas
500,Smithport
501,New William
502,Barbaraburgh
503,North Ginaville
504,Amyhaven
505,Carrollfort
506,Gabrielaside
507,East Kelly
508,East Joann
509,New Rhonda
510,Ashleyberg
511,Reyesmouth
512,East Ericaville
513,New Thomas
514,Lawrencestad
515,Port Thomas
516,Ryanchester
517,Rodriguezfurt
518,Andersonchester
519,North Jacquelineland
520,Bartlettland
521,Timothyhaven
522,South Curtisstad
523,Harveyton
524,South Katiefurt
525,New Brandonfurt
526,Bridgetmouth
527,New Jessicastad
528,Port Susanstad
529,Joneschester
530,South Chelseystad
531,Scottburgh
532,North Thomasville
533,Adkinsmouth
534,Wendyhaven
535,Raymondstad
536,East Cliffordton
537,East Amy
538,Durhammouth
539,Munozmouth
540,Port Christopher
541,Morafurt
542,East Monicastad
543,West Brianshire
544,Port Samantha
545,Charlesburgh
546,West Grace
547,West Elizabeth
548,Lake Virginiaberg
549,North Scotthaven
550,Morrisonton
551,South Elizabeth
552,Cynthiachester
553,Williamsside
554,Edwardsstad
555,Skinnerborough
556,Halehaven
557,Mackmouth
558,West Samanthamouth
559,West Brian
560,Port Katherineberg
561,South Antonioview
562,Richardmouth
563,East Ambertown
564,New Corey
565,Lake Stevenstad
566,East Karenbury
567,North Ashley
568,South Dianetown
569,Joelburgh
570,Samueltown
571,Turnermouth
572,New Julie
573,East Amyburgh
574,East Kathryn
575,Pricehaven
576,Paulhaven
577,New Andrea
578,Lake Taylormouth
579,Peggyport
580,Jamieland
581,Tinafurt
582,Tamaraburgh
583,Ewingborough
584,Taylorland
585,Patriciafort
586,Cohenhaven
587,Jacksonshire
588,North Brendaview
589,Hernandezborough
590,South Shannonchester
591,Webbmouth
592,South Mary
593,Leeville
594,North Nicolechester
595,Jamesborough
596,Mcfarlandhaven
597,Danielton
598,West Melissa
599,Christopherburgh
600,Danielland
601,Brownhaven
602,South Tracy
603,North David
604,Port Donna
605,South Joann
606,West Angela
607,New Brookemouth
608,Port Karenville
609,South Ashleyland
610,Duncanshire
611,Ashleyview
612,New George
613,Jaredmouth
614,Lake Paul
615,Lake Micheleport
616,Daniellemouth
617,Robertfurt
618,West Brendaton
619,Port Deborahfort
620,East Dianehaven
621,Guzmanstad
622,Garciaport
623,New Joseph
624,Brianfurt
625,Port Diana
626,New Nicole
627,Aaronport
628,Michaelfurt
629,North Daniel
630,West Tiffanyfort
631,North Lisaburgh
632,Port Laura
633,Guerraville
634,Adamburgh
635,Lake Kyle
636,Lake James
637,Shelleyfurt
638,West Jessica
639,North Michael
640,New Marktown
641,South Kentshire
642,New Michelleburgh
643,Morrisland
644,North Rachelberg
645,Bradleyside
646,Matthewview
647,South Bailey
648,Conradchester
649,New Philipfurt
650,Stephanieview
651,New Joanneville
652,Carlsonland
653,Gracemouth
654,North Robert
655,Jaredview
656,Port Anne
657,North Steveview
658,Jenkinsborough
659,East Ronald
660,Lake Catherinefurt
661,New Alanbury
662,North Sonya
663,Lake Christina
664,Griffinton
665,North Vanessatown
666,Port Peterbury
667,Port Andrewshire
668,North Jessicaview
669,East Michelleville
670,New Michael
671,New Roy
672,East Yolandafort
673,Robertport
674,Samanthahaven
675,Jasonberg
676,North Alejandroshire
677,Hutchinsonstad
678,Lake Danielside
679,Bushmouth
680,East Shawnberg
681,North Christinaville
682,Lake Kimberly
683,Hortonshire
684,North Meganmouth
685,Carterbury
686,Christopherbury
687,New Derrick
688,South Kristamouth
689,North Zachary
690,Coleville
691,Wilsontown
692,Lake Stephaniechester
693,Medinafurt
694,West Carrie
695,Patriciafurt
696,Kirkstad
697,Allisonside
698,North Jasonchester
699,Fullerville
700,Jacquelineton
701,Travisville
702,Matthewbury
703,Port Robertfurt
704,New Shawnachester
705,Humphreytown
706,Lake Roger
707,West James
708,Nicolestad
709,Moorebury
710,Stephensonmouth
711,West Emilyport
712,New Kathrynton
713,Aaronfort
714,West Williamshire
715,Grantmouth
716,North Marcus
717,Lake Miranda
718,New Charles
719,West William
720,Nixonfort
721,Port Raymondside
722,South Rachel
723,Kanemouth
724,Cardenasstad
725,North Haydenborough
726,Fordfurt
727,Davidsonburgh
728,North Maryview
729,Elliston
730,Rogerborough
731,Angelaland
732,North Elizabeth
733,Thompsonside
734,East Trevortown
735,South Richard
736,South Eileen
737,Sharpbury
738,New Ivan
739,North Pamelaside
740,West Natalie
741,Donnabury
742,Port Bradmouth
743,Johntown
744,Hamiltonfurt
745,Robertshire
746,North Nancyborough
747,Wandaland
748,Maliktown
749,Rhondatown
750,Port James
751,Ericaburgh
752,Rachelbury
753,West Theresaberg
754,West Phillip
755,North Jennifer
756,West Jennifer
757,Lake Leeview
758,East Carlahaven
759,Adamsville
760,East Jenniferside
761,Lake Eric
762,Port Angela
763,Thomasview
764,Port Christopherstad
765,Whitefort
766,Stephenmouth
767,Lake Williamview
768,New Elizabeth
769,New Isaacton
770,Kyleborough
771,Jenniferside
772,Bookershire
773,New Zacharyfort
774,Nicholsmouth
775,West Robinland
776,Port Douglas
777,Monicaborough
778,Ryanstad
779,New Alejandroland
780,New Scottberg
781,Wufort
782,Aaronfurt
783,Ashleymouth
784,Debraview
785,Matthewschester
786,Beckerport
787,Hugheston
788,East Brian
789,Moralesborough
790,Douglasfort
791,Nicholasside
792,Jacobburgh
793,Fergusonshire
794,Leonardchester
795,Jamesburgh
796,Aprilfort
797,Lake Rodneymouth
798,Cameronborough
799,Juliehaven
800,Wilsonberg
801,Marvinport
802,Lake Christopher
803,Seanhaven
804,Johnbury
805,Port Anna
806,Port Davidchester
807,Jonesport
808,Spencerton
809,Johnsonborough
810,Hugheshaven
811,West Tammyside
812,Cruzfurt
813,Lake Blakeside
814,Port Colinview
815,South Robertside
816,Port Lindseyshire
817,Lake Dennis
818,Mckayshire
819,North Tylerport
820,North Christina
821,Dawsonborough
822,Brandystad
823,Lake Andrew
824,Davidfurt
825,Oliviastad
826,New Brandonmouth
827,West John
828,Cooperview
829,Davisfort
830,Colemouth
831,East Anthony
832,Martinbury
833,Arnoldchester
834,Samuelbury
835,South Ethanhaven
836,New Stephenborough
837,Port Saramouth
838,New Jameshaven
839,Lake Sharonville
840,West Kim
841,New Richardfort
842,Griffinside
843,Whiteberg
844,Port Daniel
845,Markview
846,Whiteville
847,South Debra
848,Port Victorstad
849,Pruittmouth
850,New Nathan
851,Brittneyview
852,New Dianeshire
853,South Ashley
854,Richardland
855,West Jenniferview
856,South Raymond
857,Jenniferstad
858,Justinville
859,Fitzpatrickton
860,West Anthony
861,Adamshaven
862,Beckville
863,East Tanyashire
864,Wrightbury
865,Brendafort
866,Cherylview
867,South Brittney
868,Port Ryan
869,Patriciatown
870,Barnesstad
871,Judyberg
872,South Branditon
873,Rangelberg
874,Teresaport
875,Newmanport
876,Lake Bryan
877,South Katrinahaven
878,Juliemouth
879,New Eugenefort
880,Lake Susan
881,Port Dillonside
882,Lake Steven
883,New Robertborough
884,Hayleyton
885,Johnsonbury
886,Lindsayside
887,Lucashaven
888,South Miguel
889,Lindaburgh
890,Brianborough
891,South Adam
892,Nolanhaven
893,Dennismouth
894,Chadborough
895,New Lindseyview
896,Nicoleport
897,Port Hollyshire
898,Port Jermaine
899,Alicialand
900,Emilyborough
901,South Alisha
902,Velazquezmouth
903,Breannamouth
904,Markland
905,New Karen
906,Sanchezville
907,Clarkeburgh
908,New Drew
909,West Scottburgh
910,Stephaniemouth
911,Bakerfurt
912,Greenshire
913,West Jacquelinemouth
914,New Jasmine
915,Christopherview
916,Robinsonburgh
917,North Heather
918,Lake Kenneth
919,Jeffreymouth
920,West Matthew
921,East Christine
922,Richardtown
923,Kylieborough
924,Veronicatown
925,Jenniferview
926,Tuckerstad
927,Port Andrewville
928,Deannafort
929,East Laura
930,New Davidshire
931,New Christian
932,New Paula
933,East Matthewton
934,Patelberg
935,West Cynthia
936,Lake Julie
937,East Candiceside
938,Jessebury
939,Baileybury
940,Jeffreyshire
941,Lindsayton
942,Walkerfort
943,East Vincent
944,East Samanthaville
945,Castroside
946,Ortizborough
947,Christopherfort
948,Amberhaven
949,New Brittanyhaven
950,Catherineville
951,Lake Erik
952,Schmidtville
953,Morrisside
954,New Brendabury
955,South Nancyside
956,New Kaylaville
957,Sandraberg
958,East Michael
959,Rodneymouth
960,Christophershire
961,Lake Melanie
962,East Justin
